{"cameraMode":{"drawMode":0,"name":"Shaded","section":"Shading Mode"},"sceneLighting":true,"audioPlay":false,"sceneViewState":{"m_AlwaysRefresh":false,"showFog":true,"showSkybox":true,"showFlares":true,"showImageEffects":true,"showParticleSystems":true,"showVisualEffectGraphs":true,"m_FxEnabled":true},"in2DMode":false,"pivot":{"x":-6.567466735839844,"y":0.09442329406738281,"z":-5.538673400878906},"rotation":{"x":-0.16753143072128297,"y":0.6689956188201904,"z":-0.15862475335597993,"w":-0.7065601944923401},"size":10.745038032531739,"orthographic":false}